{
  "week": 1,
  "bankroll": 289.91,
  "weekRoi": 0.18,
  "seasonRoi": 0.18,
  "sparkline": [
    0,
    184.91,
    289.91
  ],
  "picks": [
    {
      "week": 1,
      "date": "2024-09-08",
      "day": "Sun",
      "away": "Ravens",
      "home": "Dolphins",
      "ats": {
        "line": "MIA +7.5",
        "color": "green"
      },
      "ml": {
        "price": "+340",
        "color": "red"
      },
      "total": {
        "line": "Under 49.5",
        "color": "green"
      },
      "weatherTag": "Windy"
    },
    {
      "week": 1,
      "date": "2024-09-08",
      "day": "Sun",
      "away": "Broncos",
      "home": "Texans",
      "ats": {
        "line": "\u2014",
        "color": "yellow"
      },
      "ml": {
        "price": "Texans +105",
        "color": "green"
      },
      "total": {
        "line": "39.5",
        "color": "yellow"
      },
      "weatherTag": "Dome"
    },
    {
      "week": 1,
      "date": "2024-09-09",
      "day": "Mon",
      "away": "Patriots",
      "home": "Bengals",
      "ats": {
        "line": "NE +3.5",
        "color": "green"
      },
      "ml": {
        "price": "+155",
        "color": "green"
      },
      "total": {
        "line": "Under 44.5",
        "color": "yellow"
      },
      "weatherTag": "Cold"
    }
  ],
  "results": [
    {
      "away": "Ravens",
      "home": "Dolphins",
      "final": "BAL 24\u2013MIA 21",
      "graded": [
        {
          "type": "ATS",
          "pick": "MIA +7.5",
          "result": "WIN",
          "pnl": 90.91,
          "stake": 100
        },
        {
          "type": "TOTAL",
          "pick": "Under 49.5",
          "result": "WIN",
          "pnl": 94.0,
          "stake": 100
        }
      ],
      "bankrollAfter": 184.91
    },
    {
      "away": "Broncos",
      "home": "Texans",
      "final": "DEN 17\u2013HOU 20",
      "graded": [
        {
          "type": "ML",
          "pick": "Texans +105",
          "result": "WIN",
          "pnl": 105.0,
          "stake": 100
        }
      ],
      "bankrollAfter": 289.91
    }
  ],
  "homeRows": [
    {
      "week": 1,
      "date": "2024-09-08",
      "day": "Sun",
      "away": "Ravens",
      "home": "Dolphins",
      "atsLine": "MIA +7.5",
      "atsColor": "green",
      "mlPrice": "+340",
      "mlColor": "red",
      "ouLine": "Under 49.5",
      "ouColor": "green",
      "color": "green",
      "weather": "Windy"
    },
    {
      "week": 1,
      "date": "2024-09-08",
      "day": "Sun",
      "away": "Broncos",
      "home": "Texans",
      "atsLine": "\u2014",
      "atsColor": "yellow",
      "mlPrice": "Texans +105",
      "mlColor": "green",
      "ouLine": "39.5",
      "ouColor": "yellow",
      "color": "green",
      "weather": "Dome"
    },
    {
      "week": 1,
      "date": "2024-09-09",
      "day": "Mon",
      "away": "Patriots",
      "home": "Bengals",
      "atsLine": "NE +3.5",
      "atsColor": "green",
      "mlPrice": "+155",
      "mlColor": "green",
      "ouLine": "Under 44.5",
      "ouColor": "yellow",
      "color": "green",
      "weather": "Cold"
    }
  ]
}