{
  "week": 2,
  "bankroll": 350.0,
  "weekRoi": 0.1,
  "seasonRoi": 0.14,
  "sparkline": [
    0,
    184.91,
    289.91,
    350.0
  ],
  "picks": [
    {
      "week": 2,
      "date": "2024-09-15",
      "day": "Sun",
      "away": "Steelers",
      "home": "Falcons",
      "ats": {
        "line": "PIT +3.0",
        "color": "green"
      },
      "ml": {
        "price": "+145",
        "color": "green"
      },
      "total": {
        "line": "Under 40.5",
        "color": "green"
      },
      "weatherTag": "Clear"
    },
    {
      "week": 2,
      "date": "2024-09-16",
      "day": "Mon",
      "away": "Eagles",
      "home": "Packers",
      "ats": {
        "line": "PHI -1.5",
        "color": "yellow"
      },
      "ml": {
        "price": "PHI -120",
        "color": "yellow"
      },
      "total": {
        "line": "Over 46.5",
        "color": "red"
      },
      "weatherTag": "Dome"
    }
  ],
  "results": [
    {
      "away": "Steelers",
      "home": "Falcons",
      "final": "PIT 18\u2013ATL 10",
      "graded": [
        {
          "type": "ATS",
          "pick": "PIT +3.0",
          "result": "WIN",
          "pnl": 90.91,
          "stake": 100
        },
        {
          "type": "ML",
          "pick": "+145",
          "result": "WIN",
          "pnl": 145.0,
          "stake": 100
        },
        {
          "type": "TOTAL",
          "pick": "Under 40.5",
          "result": "WIN",
          "pnl": 94.0,
          "stake": 100
        }
      ],
      "bankrollAfter": 350.0
    }
  ],
  "homeRows": [
    {
      "week": 2,
      "date": "2024-09-15",
      "day": "Sun",
      "away": "Steelers",
      "home": "Falcons",
      "atsLine": "PIT +3.0",
      "atsColor": "green",
      "mlPrice": "+145",
      "mlColor": "green",
      "ouLine": "Under 40.5",
      "ouColor": "green",
      "color": "green",
      "weather": "Clear"
    },
    {
      "week": 2,
      "date": "2024-09-16",
      "day": "Mon",
      "away": "Eagles",
      "home": "Packers",
      "atsLine": "PHI -1.5",
      "atsColor": "yellow",
      "mlPrice": "PHI -120",
      "mlColor": "yellow",
      "ouLine": "Over 46.5",
      "ouColor": "red",
      "color": "yellow",
      "weather": "Dome"
    }
  ]
}